<?xml version="1.0" encoding="UTF-8"?>
<project-private xmlns="http://www.netbeans.org/ns/project-private/1">
    <editor-bookmarks xmlns="http://www.netbeans.org/ns/editor-bookmarks/2" lastBookmarkId="0"/>
    <open-files xmlns="http://www.netbeans.org/ns/projectui-open-files/2">
        <group>
            <file>file:/C:/Users/leone/OneDrive/Escritorio/TiendaElectronica/src/java/Models/ViewModelEmpleados.java</file>
            <file>file:/C:/Users/leone/OneDrive/Escritorio/TiendaElectronica/web/GestionarEmpleados.jsp</file>
            <file>file:/C:/Users/leone/OneDrive/Escritorio/TiendaElectronica/src/java/Servlets/ServletPrincipal.java</file>
            <file>file:/C:/Users/leone/OneDrive/Escritorio/TiendaElectronica/src/java/Servlets/ServletError.java</file>
        </group>
    </open-files>
</project-private>
